User;Safe;Action;Request ID;Reason;Request Number;Target (server)
AR06HU;Root\account_TZEPDE;Get File Request;2;incident;109;lrva95209
FJ06PD;Root\account_TZEPDE;Get File Request;1;incident;109;lrva95209
IW49EO;Root\account_AKRGZR;Get File Request;3;must update server;109;lrv9dgeg8
MJ50PA;Root\account_BWDJFF;Get File Request;7;;109;lrv9dgeg8
VP98HL;Root\account_BWDJFF;Get File Request;1;incident;109;lrv9dgeg8
VV04CX;Root\account_BWDJFF;Get File Request;8;;109;lrv9dgeg8
WH78JX;Root\account_CDAEFT;Get File Request;4;test;109;lrv9dgeg8
WJ47HC;Root\account_BWDJFF;Get File Request;5;reports run;109;lrv9dgeg8
WS82AE;Root\account_CDAEFT;Get File Request;8;;109;lrv9dgeg8
XT59MG;Root\account_TZEPDE;Get File Request;6;;109;lrva95209
